Qty;Value;Device;Package;Parts;Description;DESCRIPTION;FARNELL;MANUFACTURER;MF;MOUSER;MP;MPN;OC_FARNELL;OC_NEWARK;OPERATING_TEMP;OPERATING_TEMPERATURE;PACKAGE;PART-NUMBER;PART_STATUS;PITCH;POPULARITY;PRICE
1;;F25D;F25D;X1;SUB-D;;;;;;;;unknown;unknown;;;;;;;2;
8;;WL-SICW_0805_15408094BA400;WL-SICW_0805;D0, D1, D2, D3, D4, D5, D6, D7;WL-SICW SMD Chip LED Infrared Waterclear;;;;;;;;;;;;;15408094BA400;;;;
1;100;R_CHIP-0603(1608-METRIC);RESC1608X60;R19;Resistor Fixed - Generic;;;;;;;;;;;;;;;;;
3;100n;C_CHIP-0805(2012-METRIC);CAPC2012X110;C2, C3, C6;Capacitor - Generic;;;;;;;;;;;;;;;;;
16;10K;R_CHIP-0603(1608-METRIC);RESC1608X60;R1, R2, R3, R4, R5, R6, R7, R8, R9, R10, R11, R12, R13, R14, R15, R16;Resistor Fixed - Generic;;;;;603-RC0201FR-7D10KL;;;;;;;;;;;;
1;150n;C_CHIP-0805(2012-METRIC);CAPC2012X110;C4;Capacitor - Generic;;;;;77-VJ0805Y154JXQTBC;;;;;;;;;;;;
7;2.2uF;C_CHIP-0805(2012-METRIC);CAPC2012X110;C1, C5, C7, C8, C9, C10, C11;Capacitor - Generic;;;;;80-C0805C225J8RAUTO;;;;;;;;;;;;
8;220mA/50V/3.5O;MOSFET-NCH-BSS138;SOT23-3;Q1, Q2, Q3, Q4, Q5, Q6, Q7, Q8;N-channel MOSFETs;;;;;512-BSS138;;;;;;;;;;;;
1;2K2;R_CHIP-0603(1608-METRIC);RESC1608X60;R17;Resistor Fixed - Generic;;;;;603-RC0201FR-7D2K2L;;;;;;;;;;;;
8;2K2;R_CHIP-0805(2012-METRIC);RESC2012X65;R20, R21, R22, R23, R24, R25, R26, R28;Resistor Fixed - Generic;;;;;;;;;;;;;;;;;
1;2k2;R_CHIP-0603(1608-METRIC);RESC1608X60;R18;Resistor Fixed - Generic;;;;;;;;;;;;;;;;;
2;35RASMT4BHNTRX;35RASMT4BHNTRX;35RASMT4BHNTRX;IN, OUT;CONN JACK STEREO 3.5MM SMD R/A;Phone Connectors SMT 3.5MM PHONE JACK ;;Switchcraft Inc. ;;502-35RASMT4BHNTRX ;;35RASMT4BHNTRX ;;;;-25�C ~ 85�C ;;;Active;-;;
1;600;FB_BLM21PG331SN1D_0805(2012);BEADC2012X105N;FB1;Ferrite Bead - Popular parts;FERRITE BEAD 330 OHM 0805 1LN;3386824;Murata Electronics;;810-MMZ2012Y601BTD25 ;;;;;;;;;;;;
1;AP7313;AP713-XXSRGSOT23;SOT23;IC2;;;3482945;;;621-AP7313-18SRG-7 ;;;;;;;;;;;;
1;SGTL5000XNLA3R2;SGTL5000XNLA3R2;QFN40P300X300X60-21N;IC1;Audio Codec; Audio Codec QFN 32;;;NXP USA;SGTL5000XNLA3;SGTL5000XNLA3R2;;;;;;QFN-20 Freescale Semiconductor;;;;;None
1;TEENSY_4.0;TEENSY_4.0;TEENSY_4.0;U$1;;;;;;;;;;;;;;;;;;
1;WS2812B;WS2812B;WS2812B;D8;Intelligent control LED integrated light source;LED integrated light source;;Worldsemi;;;;WS2812B;;;-25 ? to +80?(TJ);;;;Active;;;
